{
	"class_name" : "PinholeCameraParameters",
	"extrinsic" : 
	[
		0.4623991444551287,
		0.087863351801109046,
		0.88230780491699135,
		0.0,
		-0.091300079684091526,
		-0.98507068795736397,
		0.14594531570723449,
		0.0,
		0.88195880099744106,
		-0.14803976201507607,
		-0.44747391231855749,
		0.0,
		-0.0,
		0.0,
		0.0,
		1.0
	],
	"intrinsic" : 
	{
		"height" : 1458,
		"intrinsic_matrix" : 
		[
			1262.6650387177119,
			0.0,
			0.0,
			0.0,
			1262.6650387177119,
			0.0,
			898.5,
			728.5,
			1.0
		],
		"width" : 1798
	},
	"version_major" : 1,
	"version_minor" : 0
}