{"alarm clock": [0.18709705744996707, 0.45756864014997367, 0.08937275503854547], "armchair": [0.36295375321712997, 0.7064982601619008, 0.12783915603818485], "backpack": [0.48362836416616384, 0.2650024196528564, 0.22864309120680038], "bag": [0.33809447342926924, 0.5083638502303716, 0.1866244153428931], "ball": [0.04371331288279612, 0.6081396149435779, 0.1883885280437222], "bar": [0.7190119968856693, 0.6645262816508248, 0.1270368746786663], "basket": [0.6083179110887867, 0.7602814039840116, 0.4627736944813333], "bathroom cabinet": [0.5766927195408491, 0.9830345514121743, 0.793857064303264], "bathroom counter": [0.29811680891755754, 0.6596671963235418, 0.023679539731875865], "bathroom stall": [0.127220896206523, 0.3275627619984749, 0.523373412554652], "bathroom stall door": [0.9237193510554128, 0.7274557197469583, 0.04066051584597108], "bathroom vanity": [0.35408952947498895, 0.6626156175455662, 0.5654969186339446], "bathtub": [0.32943497149748424, 0.4365922738683641, 0.9482527893067489], "bed": [0.46979856930297237, 0.3519110323662775, 0.5621733230032755], "bench": [0.5351761799205758, 0.8473856472643981, 0.03237074408913265], "bicycle": [0.5146039400930161, 0.802015555348953, 0.039073100777611836], "bin": [0.4635393613031594, 0.9627087834091141, 0.018696408750842664], "blackboard": [0.6516339368106088, 0.08917481599971211, 0.4877081892748565], "blanket": [0.13606729149128183, 0.08661947769528977, 0.23545702777716937], "blinds": [0.7315085350932684, 0.3492840420237473, 0.3234554843347154], "board": [0.26418278981297116, 0.45698702368417377, 0.10085948286130852], "book": [0.9399580194632363, 0.5732370798240655, 0.5445252084754117], "bookshelf": [0.9001113813804096, 0.6673944218897196, 0.9460825066585241], "bottle": [0.6688386414065872, 0.5400746034891455, 0.26521702982947826], "bowl": [0.41614785022196665, 0.5087392521507409, 0.6870732169761545], "box": [0.4805990568266114, 0.2409161339417596, 0.8926169364957632], "broom": [0.6682808390941336, 0.25886626947104796, 0.7001534688412737], "bucket": [0.8617524341170473, 0.6904569620530359, 0.744800655242049], "bulletin board": [0.18478859583452156, 0.5610233795385179, 0.26906581565147636], "cabinet": [0.7986590244272275, 0.692424923334183, 0.04056765658020978], "calendar": [0.21290927830257367, 0.27942010407632667, 0.6313134271214421], "candle": [0.6015204372292594, 0.8786975528623212, 0.8381607810751547], "cart": [0.9676558282659684, 0.05563770964398751, 0.15569679795706282], "case of water bottles": [0.5092960190663756, 0.9027248399998421, 0.49198932947473983], "cd case": [0.7023428077956202, 0.585113732141585, 0.3089181457195054], "ceiling": [0.5809595338743019, 0.30046718602497224, 0.508406358389342], "ceiling light": [0.12179614845632403, 0.8262208127959442, 0.3802977247827317], "chair": [0.8503754809402242, 0.129083950999335, 0.8602116308466836], "clock": [0.14523012856055406, 0.020429205011346596, 0.26026262476079376], "closet": [0.8840303540793661, 0.04298685893473453, 0.12671338982812652], "closet door": [0.3741120408544405, 0.5133691163861506, 0.7505173800346289], "closet rod": [0.8887467786290252, 0.2663631396242301, 0.4861855071999568], "closet wall": [0.5572222395451236, 0.1295244655080141, 0.6453964640484794], "clothes": [0.01588900452006836, 0.6838686458561852, 0.32865442410998846], "clothes dryer": [0.43054932609535235, 0.9335124620599491, 0.2142944840420431], "coat rack": [0.3404778349543294, 0.46853376046712325, 0.354617120687563], "coffee kettle": [0.48954688984804806, 0.07241708575301986, 0.5841269732663985], "coffee maker": [0.2260509260546324, 0.06692075696161892, 0.496002338359399], "coffee table": [0.6288339681570952, 0.7928112498179, 0.027233076484844965], "column": [0.8298265509898027, 0.3308708393969765, 0.345787459742979], "computer tower": [0.23823409978543453, 0.889592306099463, 0.3139310012445211], "container": [0.07069814165024824, 0.6278208508907895, 0.2702929633715817], "copier": [0.9549485498047522, 0.8676604921213932, 0.9327645602214515], "couch": [0.3723342476163186, 0.5923179443612555, 0.7483421980243352], "counter": [0.8805483972598133, 0.9197609060636607, 0.49067049912356453], "crate": [0.48212475060183135, 0.6649325303925283, 0.410247121104807], "cup": [0.685144691690045, 0.1843142771642109, 0.8046578402778448], "curtain": [0.18896525551729682, 0.5863778739766106, 0.03890670355617354], "cushion": [0.42845551560619566, 0.1316433964981516, 0.5287328162501803], "decoration": [0.6788718269919684, 0.3120809017343811, 0.2668120341771777], "desk": [0.5335676260854599, 0.037873650760575805, 0.5196566924039312], "dining table": [0.7241583729816766, 0.46186207176025074, 0.9042677268350688], "dish rack": [0.885722027874662, 0.28999509208718655, 0.7388128612974157], "dishwasher": [0.03149298534124223, 0.5431810177132393, 0.23880740106706855], "divider": [0.973403668525561, 0.776748354194538, 0.10167175760477876], "door": [0.9448152819191761, 0.4288008623408104, 0.6388050290461607], "doorframe": [0.05899892036828114, 0.3851810868582174, 0.7720750837440422], "dresser": [0.062132233473559784, 0.5157514579098025, 0.452121683322259], "dumbbell": [0.8082662607304539, 0.17091381398865302, 0.24809727647178104], "dustpan": [0.8116652012196006, 0.5889896277419314, 0.3644516224403651], "end table": [0.7828427724332879, 0.27806240280120587, 0.534827657448727], "fan": [0.070659501847399, 0.564659073490319, 0.40620093468518825], "file cabinet": [0.34626193495699875, 0.00948744235664456, 0.09305496500058519], "fire alarm": [0.6968323371457465, 0.6814710956282619, 0.10586236179470798], "fire extinguisher": [0.9475171362460587, 0.2990865664106813, 0.6435912015087788], "fireplace": [0.7274974476855047, 0.2720055679066318, 0.8429041457491835], "floor": [0.5796230172384584, 0.9229192100667938, 0.5597790618710664], "folded chair": [0.11077538146942345, 0.38261986617109645, 0.8197701033448369], "furniture": [0.972337549010744, 0.8080886601793683, 0.2436073711998069], "guitar": [0.10080293831856779, 0.9085970281418083, 0.48239259543928026], "guitar case": [0.6929812375442864, 0.6758401246236909, 0.15861968007995164], "hair dryer": [0.5406725312240985, 0.21329502989235793, 0.8364837423157101], "handicap bar": [0.9692100138699774, 0.5951397367196726, 0.9805792630481194], "hat": [0.5885996755971885, 0.6585352583952969, 0.6337145391025092], "headphones": [0.20316416368581547, 0.277526549507079, 0.3089238995122363], "ironing board": [0.32610834408735, 0.16656842956113727, 0.18792616154461317], "jacket": [0.7809542957919148, 0.7603545350376456, 0.6377704439947034], "keyboard": [0.8207634881130598, 0.1579144051107656, 0.32129011780727335], "keyboard piano": [0.9834282408788233, 0.15986097103049168, 0.4732661490163579], "kitchen cabinet": [0.8901267444848914, 0.49286798747894, 0.03044996510787845], "kitchen counter": [0.5400814971955852, 0.7093752314778846, 0.3972290425748529], "ladder": [0.7627027991268185, 0.25452950848153, 0.43244433521165226], "lamp": [0.5315108142080712, 0.3522068314168222, 0.4213138863358945], "laptop": [0.27348789607281265, 0.5501769026765914, 0.07743613858496223], "laundry basket": [0.48939946287713343, 0.2991641292883077, 0.17969604938491646], "laundry detergent": [0.8046701304008913, 0.44355467796300496, 0.8925244866221556], "laundry hamper": [0.09818423942079446, 0.3830955684457368, 0.03675193800028442], "ledge": [0.9397231217136749, 0.22276425233978414, 0.25053829533732663], "light": [0.3649206335025157, 0.8338600031230068, 0.752455619438498], "light switch": [0.901249163365518, 0.34665160337669665, 0.6687039394534817], "luggage": [0.11715084215902738, 0.1898443849503425, 0.5233767789923591], "machine": [0.5134758456848426, 0.6145720460492142, 0.1062615849054247], "mailbox": [0.675718974570125, 0.7837097305569949, 0.6285829198905644], "mat": [0.5158978848478587, 0.16610528193323792, 0.07273840347787275], "mattress": [0.2804396470516559, 0.5770173324762475, 0.6869879596218131], "microwave": [0.3667539890964373, 0.4695247375404318, 0.14393730602132715],